{"loss": [0.6800510883331299, 0.6552181839942932, 0.6099060773849487, 0.5462765693664551, 0.48362424969673157, 0.4358992874622345, 0.40318000316619873, 0.3808465003967285, 0.36448177695274353, 0.3505638539791107, 0.33962419629096985, 0.3299994468688965, 0.3219964802265167, 0.31511595845222473, 0.30820658802986145, 0.30203714966773987, 0.2964027225971222, 0.2942025065422058, 0.2877310514450073, 0.28310564160346985], "accuracy": [0.5674876570701599, 0.5886699557304382, 0.6791461706161499, 0.7676519155502319, 0.8118226528167725, 0.8318554759025574, 0.8405582904815674, 0.847454845905304, 0.8538587689399719, 0.858292281627655, 0.8604269027709961, 0.8671593070030212, 0.8673234581947327, 0.8699507117271423, 0.8706075549125671, 0.8750410676002502, 0.8765189051628113, 0.8771756887435913, 0.8802955746650696, 0.8847290873527527], "val_loss": [0.6646828055381775, 0.6315837502479553, 0.5797721147537231, 0.5207051634788513, 0.477637380361557, 0.449069619178772, 0.4372895658016205, 0.4343737065792084, 0.4334258735179901, 0.43682488799095154, 0.43851855397224426, 0.44703465700149536, 0.4484688639640808, 0.45419999957084656, 0.4595261514186859, 0.4666561782360077, 0.4799346327781677, 0.47987014055252075, 0.4858526289463043, 0.4939746856689453], "val_accuracy": [0.5817465782165527, 0.6467498540878296, 0.7583716511726379, 0.7938279509544373, 0.813525915145874, 0.8154957294464111, 0.813525915145874, 0.813525915145874, 0.8122127652168274, 0.8095863461494446, 0.8089297413825989, 0.8089297413825989, 0.8095863461494446, 0.8095863461494446, 0.8122127652168274, 0.8082731366157532, 0.8089297413825989, 0.8056467771530151, 0.8095863461494446, 0.8076165318489075]}