{"loss": [0.6905772089958191, 0.6705186367034912, 0.6188852190971375, 0.541975200176239, 0.4699563980102539, 0.41937920451164246, 0.38793492317199707, 0.36771318316459656], "accuracy": [0.5587849020957947, 0.5830870270729065, 0.6875205039978027, 0.7917898297309875, 0.8200328350067139, 0.834482729434967, 0.8463054299354553, 0.8499178886413574], "val_loss": [0.6826123595237732, 0.6465559601783752, 0.585125744342804, 0.5079245567321777, 0.46088334918022156, 0.43418946862220764, 0.4295060634613037, 0.42743247747421265], "val_accuracy": [0.5817465782165527, 0.6263952851295471, 0.7971109747886658, 0.7951411604881287, 0.8141825199127197, 0.813525915145874, 0.8128693103790283, 0.8095863461494446]}