{"loss": [0.6915038228034973, 0.6884632706642151, 0.6865271925926208, 0.6853129863739014, 0.6846622824668884, 0.6843495965003967, 0.6842085719108582, 0.6841135621070862, 0.684057891368866, 0.6840399503707886, 0.684049665927887, 0.6840364336967468, 0.6840392351150513, 0.6840254068374634, 0.6840316653251648, 0.6840310096740723, 0.6840295195579529, 0.6840202808380127, 0.6840441226959229, 0.6840742826461792], "accuracy": [0.555336594581604, 0.5674876570701599, 0.5674876570701599, 0.5674876570701599, 0.5674876570701599, 0.5674876570701599, 0.5674876570701599, 0.5674876570701599, 0.5674876570701599, 0.5674876570701599, 0.5674876570701599, 0.5674876570701599, 0.5674876570701599, 0.5674876570701599, 0.5674876570701599, 0.5674876570701599, 0.5674876570701599, 0.5674876570701599, 0.5674876570701599, 0.5674876570701599], "val_loss": [0.6887879371643066, 0.6856967806816101, 0.6836365461349487, 0.6823024153709412, 0.6813669800758362, 0.680963933467865, 0.6806862354278564, 0.6804152727127075, 0.6803140640258789, 0.6802831292152405, 0.6802642941474915, 0.6802237629890442, 0.6801967620849609, 0.6801762580871582, 0.6801657676696777, 0.6801477074623108, 0.6801223754882812, 0.6801689863204956, 0.6801672577857971, 0.680310845375061], "val_accuracy": [0.5817465782165527, 0.5817465782165527, 0.5817465782165527, 0.5817465782165527, 0.5817465782165527, 0.5817465782165527, 0.5817465782165527, 0.5817465782165527, 0.5817465782165527, 0.5817465782165527, 0.5817465782165527, 0.5817465782165527, 0.5817465782165527, 0.5817465782165527, 0.5817465782165527, 0.5817465782165527, 0.5817465782165527, 0.5817465782165527, 0.5817465782165527, 0.5817465782165527]}