{"loss": [0.6471140384674072, 0.4587780833244324, 0.38252562284469604, 0.3477160930633545, 0.3303215801715851], "accuracy": [0.6210180521011353, 0.8167487978935242, 0.8490968942642212, 0.8696223497390747, 0.8809523582458496], "val_loss": [0.5372949838638306, 0.4505598545074463, 0.44677701592445374, 0.46618199348449707, 0.5087520480155945], "val_accuracy": [0.7806959748268127, 0.8095863461494446, 0.8089297413825989, 0.7990807890892029, 0.7925148010253906]}