{"loss": [0.617254912853241, 0.4698079824447632, 0.38216105103492737, 0.3254178464412689, 0.2805543541908264, 0.24708135426044464, 0.2259136438369751, 0.19347292184829712, 0.1807294487953186, 0.16744495928287506, 0.14892920851707458, 0.14620524644851685, 0.1443849503993988, 0.13874773681163788, 0.12169286608695984, 0.11498799920082092, 0.10554276406764984, 0.10070157051086426, 0.09519536048173904, 0.09395178407430649], "accuracy": [0.6668308973312378, 0.8044335246086121, 0.8490968942642212, 0.8778325319290161, 0.8968801498413086, 0.9095237851142883, 0.9170771837234497, 0.9270936250686646, 0.9307060837745667, 0.9354679584503174, 0.9451559782028198, 0.9430213570594788, 0.9444991946220398, 0.9443349838256836, 0.9536945819854736, 0.9541872143745422, 0.9571428298950195, 0.9602627158164978, 0.961904764175415, 0.9622331857681274], "val_loss": [0.5346813797950745, 0.514875590801239, 0.5167420506477356, 0.5670998096466064, 0.520176887512207, 0.5538755059242249, 0.6088482737541199, 0.6801973581314087, 0.6922063231468201, 0.7389280796051025, 0.762622058391571, 0.7994908690452576, 0.8031582236289978, 0.8648770451545715, 0.8885594010353088, 0.9129413962364197, 0.9414877891540527, 0.9482214450836182, 0.9378105998039246, 0.9275767207145691], "val_accuracy": [0.7557452321052551, 0.7662508487701416, 0.7833223938941956, 0.7721602320671082, 0.7918581962585449, 0.7859488129615784, 0.7669073939323425, 0.7747865915298462, 0.7780696153640747, 0.7524622678756714, 0.7754431962966919, 0.7196323275566101, 0.7734733819961548, 0.7465528845787048, 0.7662508487701416, 0.7261983156204224, 0.7662508487701416, 0.7590282559394836, 0.724885106086731, 0.7616546154022217]}